{
  "version": 1,
  "author": "Anonymous maker",
  "editor": "wokwi",
  "parts": [
    { "type": "wokwi-esp32-devkit-v1", "id": "esp", "top": 0, "left": 0, "attrs": {} },
    { "type": "board-ssd1306", "id": "oled1", "top": 127.94, "left": 144.23, "attrs": {} },
    {
      "type": "wokwi-pushbutton",
      "id": "btn1",
      "top": 210.09,
      "left": -82.64,
      "attrs": { "color": "green" }
    },
    {
      "type": "wokwi-pushbutton",
      "id": "btn2",
      "top": 209.94,
      "left": -165.82,
      "attrs": { "color": "green" }
    },
    {
      "type": "wokwi-pushbutton",
      "id": "btn3",
      "top": 209.63,
      "left": -247.46,
      "attrs": { "color": "green" }
    },
    {
      "type": "wokwi-hc-sr04",
      "id": "ultrasonic1",
      "top": -98.88,
      "left": -265.69,
      "attrs": { "distance": "137" }
    },
    {
      "type": "wokwi-led",
      "id": "led1",
      "top": 74.72,
      "left": -383.66,
      "attrs": { "color": "yellow" }
    },
    {
      "type": "wokwi-led",
      "id": "led2",
      "top": 36.18,
      "left": -383.97,
      "attrs": { "color": "red" }
    },
    {
      "type": "wokwi-led",
      "id": "led3",
      "top": -4.65,
      "left": -383.35,
      "attrs": { "color": "blue" }
    }
  ],
  "connections": [
    [ "esp:TX0", "$serialMonitor:RX", "", [] ],
    [ "esp:RX0", "$serialMonitor:TX", "", [] ],
    [ "oled1:GND", "esp:GND.1", "black", [ "v-12.55", "h-51.53", "v52.48" ] ],
    [ "oled1:VCC", "esp:3V3", "red", [ "v-21.39", "h-69.82", "v70.82" ] ],
    [ "oled1:SCL", "esp:D22", "green", [ "v0" ] ],
    [ "oled1:SDA", "esp:D21", "green", [ "v0" ] ],
    [ "ultrasonic1:GND", "esp:GND.2", "black", [ "v0" ] ],
    [ "ultrasonic1:VCC", "esp:VIN", "red", [ "v0" ] ],
    [ "btn3:2.r", "btn2:2.l", "green", [ "h0" ] ],
    [ "btn2:2.r", "btn1:2.l", "green", [ "h0" ] ],
    [ "btn1:2.r", "esp:GND.2", "black", [ "h10.68", "v-57.57", "h-17.06", "v-34.12" ] ],
    [ "btn1:1.l", "esp:D12", "orange", [ "h-1.3", "v-101.73" ] ],
    [ "esp:D33", "btn2:1.l", "green", [ "h-173.93", "v141.24" ] ],
    [ "btn3:1.l", "esp:D32", "green", [ "h-7.99", "v-158.4" ] ],
    [ "ultrasonic1:ECHO", "esp:D26", "blue", [ "v0" ] ],
    [ "ultrasonic1:TRIG", "esp:D27", "blue", [ "v0" ] ],
    [ "led3:C", "led2:C", "green", [ "v0" ] ],
    [ "led2:C", "led1:C", "green", [ "v0" ] ],
    [ "led1:A", "esp:D14", "green", [ "v0" ] ],
    [ "led2:A", "esp:D13", "green", [ "h12.22", "v61.32" ] ],
    [ "led3:A", "esp:D25", "green", [ "h49.73", "v53.95" ] ],
    [ "led1:C", "btn3:2.l", "green", [ "v0" ] ]
  ],
  "dependencies": {}
}